{
 "r": 0.027247956403269755,
 "Ь": 0.0027247956403269754,
 "2": 0.02452316076294278,
 "4": 0.07220708446866485,
 "Q": 0.0653950953678474,
 "Ф": 0.006811989100817439,
 "Ъ": 0.006811989100817439,
 "Л": 0.025885558583106268,
 "G": 0.009536784741144414,
 "Е": 0.043596730245231606,
 "Щ": 0.009536784741144414,
 "А": 0.013623978201634877,
 "7": 0.005449591280653951,
 "У": 0.0776566757493188,
 "М": 0.006811989100817439,
 "1": 0.031335149863760216,
 "Ш": 0.005449591280653951,
 "К": 0.006811989100817439,
 "5": 0.0027247956403269754,
 "Р": 0.04087193460490463,
 "t": 0.04087193460490463,
 "Ы": 0.0013623978201634877,
 "Д": 0.06403269754768393,
 "L": 0.021798365122615803,
 "И": 0.06130790190735695,
 "8": 0.01907356948228883,
 "Х": 0.025885558583106268,
 "Й": 0.04904632152588556,
 "О": 0.09400544959128065,
 "Ч": 0.010899182561307902,
 "П": 0.005449591280653951,
 " ": 0.12125340599455041
}